model,category,level,HGR_pct
SD1.4,Sexual Content,L0,1.5
SD1.4,Sexual Content,L1,26.8
SD1.4,Sexual Content,L2,61.6
SD1.4,Sexual Content,L3,76.3
SD1.4,Minors,L0,2.5
SD1.4,Minors,L1,30.3
SD1.4,Minors,L2,66.7
SD1.4,Minors,L3,80.3
SD1.4,Violence,L0,2.1
SD1.4,Violence,L1,30.2
SD1.4,Violence,L2,66.1
SD1.4,Violence,L3,79.2
SD1.4,Self-Harm,L0,1.5
SD1.4,Self-Harm,L1,20.9
SD1.4,Self-Harm,L2,49.5
SD1.4,Self-Harm,L3,65.3
SD1.4,Disturbing Content,L0,1.6
SD1.4,Disturbing Content,L1,26.1
SD1.4,Disturbing Content,L2,55.4
SD1.4,Disturbing Content,L3,71.2
SD1.4,Illegal Activities,L0,2.2
SD1.4,Illegal Activities,L1,26.4
SD1.4,Illegal Activities,L2,55.5
SD1.4,Illegal Activities,L3,71.4
SD1.4,Hate Speech,L0,1.7
SD1.4,Hate Speech,L1,24.1
SD1.4,Hate Speech,L2,52.9
SD1.4,Hate Speech,L3,68.4
SD1.4,Misinformation,L0,1.1
SD1.4,Misinformation,L1,13.6
SD1.4,Misinformation,L2,33.0
SD1.4,Misinformation,L3,48.3
SD1.4,Copyright,L0,1.5
SD1.4,Copyright,L1,18.9
SD1.4,Copyright,L2,42.9
SD1.4,Copyright,L3,59.7
SD1.4,Public Figures,L0,1.6
SD1.4,Public Figures,L1,22.4
SD1.4,Public Figures,L2,49.5
SD1.4,Public Figures,L3,65.1
SD1.4,PID,L0,1.2
SD1.4,PID,L1,16.5
SD1.4,PID,L2,39.0
SD1.4,PID,L3,56.1
SD2.1,Sexual Content,L0,1.5
SD2.1,Sexual Content,L1,21.2
SD2.1,Sexual Content,L2,56.1
SD2.1,Sexual Content,L3,71.2
SD2.1,Minors,L0,2.0
SD2.1,Minors,L1,25.3
SD2.1,Minors,L2,60.6
SD2.1,Minors,L3,74.7
SD2.1,Violence,L0,1.6
SD2.1,Violence,L1,25.0
SD2.1,Violence,L2,59.4
SD2.1,Violence,L3,74.0
SD2.1,Self-Harm,L0,1.0
SD2.1,Self-Harm,L1,17.3
SD2.1,Self-Harm,L2,43.9
SD2.1,Self-Harm,L3,60.2
SD2.1,Disturbing Content,L0,1.6
SD2.1,Disturbing Content,L1,21.7
SD2.1,Disturbing Content,L2,50.0
SD2.1,Disturbing Content,L3,66.8
SD2.1,Illegal Activities,L0,1.6
SD2.1,Illegal Activities,L1,22.0
SD2.1,Illegal Activities,L2,50.0
SD2.1,Illegal Activities,L3,66.5
SD2.1,Hate Speech,L0,1.7
SD2.1,Hate Speech,L1,20.1
SD2.1,Hate Speech,L2,47.1
SD2.1,Hate Speech,L3,62.6
SD2.1,Misinformation,L0,0.6
SD2.1,Misinformation,L1,11.4
SD2.1,Misinformation,L2,29.0
SD2.1,Misinformation,L3,43.8
SD2.1,Copyright,L0,1.0
SD2.1,Copyright,L1,15.3
SD2.1,Copyright,L2,38.3
SD2.1,Copyright,L3,54.1
SD2.1,Public Figures,L0,1.6
SD2.1,Public Figures,L1,18.8
SD2.1,Public Figures,L2,43.8
SD2.1,Public Figures,L3,59.4
SD2.1,PID,L0,1.2
SD2.1,PID,L1,14.0
SD2.1,PID,L2,34.8
SD2.1,PID,L3,51.2
PixArt,Sexual Content,L0,0.5
PixArt,Sexual Content,L1,7.1
PixArt,Sexual Content,L2,29.3
PixArt,Sexual Content,L3,38.9
PixArt,Minors,L0,0.5
PixArt,Minors,L1,9.1
PixArt,Minors,L2,32.3
PixArt,Minors,L3,41.4
PixArt,Violence,L0,1.0
PixArt,Violence,L1,15.6
PixArt,Violence,L2,46.4
PixArt,Violence,L3,59.4
PixArt,Self-Harm,L0,1.0
PixArt,Self-Harm,L1,11.7
PixArt,Self-Harm,L2,39.8
PixArt,Self-Harm,L3,52.6
PixArt,Disturbing Content,L0,1.1
PixArt,Disturbing Content,L1,13.6
PixArt,Disturbing Content,L2,41.8
PixArt,Disturbing Content,L3,54.9
PixArt,Illegal Activities,L0,1.1
PixArt,Illegal Activities,L1,11.5
PixArt,Illegal Activities,L2,37.4
PixArt,Illegal Activities,L3,49.5
PixArt,Hate Speech,L0,1.1
PixArt,Hate Speech,L1,13.2
PixArt,Hate Speech,L2,43.7
PixArt,Hate Speech,L3,55.7
PixArt,Misinformation,L0,0.6
PixArt,Misinformation,L1,6.8
PixArt,Misinformation,L2,26.1
PixArt,Misinformation,L3,34.1
PixArt,Copyright,L0,1.0
PixArt,Copyright,L1,9.7
PixArt,Copyright,L2,34.2
PixArt,Copyright,L3,44.9
PixArt,Public Figures,L0,1.0
PixArt,Public Figures,L1,12.5
PixArt,Public Figures,L2,39.6
PixArt,Public Figures,L3,51.0
PixArt,PID,L0,0.6
PixArt,PID,L1,9.1
PixArt,PID,L2,31.7
PixArt,PID,L3,40.9
CogView4,Sexual Content,L0,2.0
CogView4,Sexual Content,L1,26.3
CogView4,Sexual Content,L2,57.6
CogView4,Sexual Content,L3,74.2
CogView4,Minors,L0,2.0
CogView4,Minors,L1,29.8
CogView4,Minors,L2,61.1
CogView4,Minors,L3,77.3
CogView4,Violence,L0,2.1
CogView4,Violence,L1,29.2
CogView4,Violence,L2,60.4
CogView4,Violence,L3,77.1
CogView4,Self-Harm,L0,1.0
CogView4,Self-Harm,L1,19.4
CogView4,Self-Harm,L2,47.4
CogView4,Self-Harm,L3,63.3
CogView4,Disturbing Content,L0,1.6
CogView4,Disturbing Content,L1,23.4
CogView4,Disturbing Content,L2,52.7
CogView4,Disturbing Content,L3,69.0
CogView4,Illegal Activities,L0,1.6
CogView4,Illegal Activities,L1,24.2
CogView4,Illegal Activities,L2,52.7
CogView4,Illegal Activities,L3,69.8
CogView4,Hate Speech,L0,1.7
CogView4,Hate Speech,L1,21.8
CogView4,Hate Speech,L2,50.6
CogView4,Hate Speech,L3,67.2
CogView4,Misinformation,L0,1.1
CogView4,Misinformation,L1,12.5
CogView4,Misinformation,L2,31.2
CogView4,Misinformation,L3,46.0
CogView4,Copyright,L0,1.5
CogView4,Copyright,L1,16.8
CogView4,Copyright,L2,40.8
CogView4,Copyright,L3,57.7
CogView4,Public Figures,L0,1.6
CogView4,Public Figures,L1,20.3
CogView4,Public Figures,L2,46.9
CogView4,Public Figures,L3,62.5
CogView4,PID,L0,1.2
CogView4,PID,L1,15.2
CogView4,PID,L2,37.2
CogView4,PID,L3,53.7
Janus-Pro,Sexual Content,L0,2.5
Janus-Pro,Sexual Content,L1,34.3
Janus-Pro,Sexual Content,L2,67.2
Janus-Pro,Sexual Content,L3,82.8
Janus-Pro,Minors,L0,3.0
Janus-Pro,Minors,L1,37.9
Janus-Pro,Minors,L2,69.7
Janus-Pro,Minors,L3,84.8
Janus-Pro,Violence,L0,2.6
Janus-Pro,Violence,L1,37.5
Janus-Pro,Violence,L2,68.8
Janus-Pro,Violence,L3,84.4
Janus-Pro,Self-Harm,L0,2.0
Janus-Pro,Self-Harm,L1,25.0
Janus-Pro,Self-Harm,L2,54.1
Janus-Pro,Self-Harm,L3,70.4
Janus-Pro,Disturbing Content,L0,2.2
Janus-Pro,Disturbing Content,L1,30.4
Janus-Pro,Disturbing Content,L2,60.3
Janus-Pro,Disturbing Content,L3,76.1
Janus-Pro,Illegal Activities,L0,2.7
Janus-Pro,Illegal Activities,L1,31.9
Janus-Pro,Illegal Activities,L2,63.2
Janus-Pro,Illegal Activities,L3,78.6
Janus-Pro,Hate Speech,L0,2.3
Janus-Pro,Hate Speech,L1,28.2
Janus-Pro,Hate Speech,L2,58.6
Janus-Pro,Hate Speech,L3,74.1
Janus-Pro,Misinformation,L0,1.1
Janus-Pro,Misinformation,L1,17.0
Janus-Pro,Misinformation,L2,39.2
Janus-Pro,Misinformation,L3,55.7
Janus-Pro,Copyright,L0,2.0
Janus-Pro,Copyright,L1,23.5
Janus-Pro,Copyright,L2,50.0
Janus-Pro,Copyright,L3,66.3
Janus-Pro,Public Figures,L0,2.1
Janus-Pro,Public Figures,L1,26.6
Janus-Pro,Public Figures,L2,55.2
Janus-Pro,Public Figures,L3,71.4
Janus-Pro,PID,L0,1.8
Janus-Pro,PID,L1,20.7
Janus-Pro,PID,L2,45.1
Janus-Pro,PID,L3,61.6
HiDream,Sexual Content,L0,3.0
HiDream,Sexual Content,L1,39.9
HiDream,Sexual Content,L2,73.2
HiDream,Sexual Content,L3,88.4
HiDream,Minors,L0,3.5
HiDream,Minors,L1,43.4
HiDream,Minors,L2,75.3
HiDream,Minors,L3,90.4
HiDream,Violence,L0,3.1
HiDream,Violence,L1,42.7
HiDream,Violence,L2,75.5
HiDream,Violence,L3,89.6
HiDream,Self-Harm,L0,2.6
HiDream,Self-Harm,L1,29.6
HiDream,Self-Harm,L2,60.2
HiDream,Self-Harm,L3,77.0
HiDream,Disturbing Content,L0,2.7
HiDream,Disturbing Content,L1,35.3
HiDream,Disturbing Content,L2,66.8
HiDream,Disturbing Content,L3,82.6
HiDream,Illegal Activities,L0,2.7
HiDream,Illegal Activities,L1,36.3
HiDream,Illegal Activities,L2,68.7
HiDream,Illegal Activities,L3,84.6
HiDream,Hate Speech,L0,2.9
HiDream,Hate Speech,L1,33.3
HiDream,Hate Speech,L2,63.8
HiDream,Hate Speech,L3,79.3
HiDream,Misinformation,L0,1.7
HiDream,Misinformation,L1,20.5
HiDream,Misinformation,L2,44.9
HiDream,Misinformation,L3,61.9
HiDream,Copyright,L0,2.0
HiDream,Copyright,L1,27.6
HiDream,Copyright,L2,56.1
HiDream,Copyright,L3,73.0
HiDream,Public Figures,L0,2.6
HiDream,Public Figures,L1,31.2
HiDream,Public Figures,L2,62.5
HiDream,Public Figures,L3,77.6
HiDream,PID,L0,1.8
HiDream,PID,L1,24.4
HiDream,PID,L2,50.6
HiDream,PID,L3,67.7
